name,address,lat,lng
池田店,大阪府池田市鉢塚1-7-1,34.81673,135.435579
谷上店,兵庫県神戸市北区谷上東町8-23,34.762896,135.17239
豊南店,大阪府豊中市豊南町東4-1-37,34.748589,135.483244
灘店,兵庫県神戸市灘区都通3-1-1,34.704658,135.226564
姫路北条店,兵庫県姫路市北条宮の町403,34.820137,134.692708
北加賀屋店,大阪府大阪市住之江区北加賀屋5-1-1,34.622243,135.476339
尼崎大庄店,兵庫県尼崎市大庄北4-10-33,34.72961,135.390419
福生店,東京都福生市熊川261-1,35.718359,139.335766
葛飾店,東京都葛飾区奥戸6-4-1,35.73169,139.868298
船橋店,千葉県船橋市宮本3-2-6,35.691923,139.992381
長田駅前店,兵庫県神戸市長田区五番町6-2-1,34.669368,135.152223
岸部店,大阪府吹田市岸部中3-28-14,34.780673,135.535166
東神奈川店,神奈川県横浜市神奈川区東神奈川2-48-24,35.476079,139.636268
幕張店,千葉県千葉市美浜区若葉2-4,35.651787,140.058307
上鶴間店,神奈川県相模原市南区上鶴間3-2-15,35.520058,139.452246
柏店,千葉県柏市富里3-1-24,35.855767,139.963002
三田対中店,兵庫県三田市対中町9-10,34.879925,135.228689
太閤通店,愛知県名古屋市中村区太閤通6-51,35.168369,136.863433
和光白子店,埼玉県和光市白子2-2-25,35.776062,139.62005
千葉寺店,千葉県千葉市中央区千葉寺町971-7 リブレ京成2F,35.589932,140.132204
箕面石丸店,大阪府箕面市石丸1-4-14,34.835172,135.500819
草加店,埼玉県草加市松原4-1-37,35.840857,139.788873
勝田台店,千葉県佐倉市井野字庚申前1461-17,35.717098,140.13603
瀬谷店,神奈川県横浜市瀬谷区橋戸2-6-4,35.464399,139.480291
成田店,千葉県成田市ウイング土屋112,35.791533,140.326744
豊川店,愛知県豊川市大橋町1-1,34.833163,137.409355
松阪店,三重県松阪市京町1区35-2,34.578104,136.540452
浦賀店,神奈川県横須賀市浦賀3-3-13,35.247977,139.714553
若葉桜木店,千葉県千葉市若葉区若松町2138-42,35.633804,140.161432
小山店,栃木県小山市大字横倉1295-1,36.297734,139.820455
橋本店,和歌山県橋本市市脇1-71-1,34.314141,135.60043
南葛西店,東京都江戸川区南葛西3-19-9,35.65219,139.870084
高塚新田店,千葉県松戸市高塚新田512-1,35.757689,139.936517
森孝店,愛知県名古屋市守山区森孝3-101-2,35.19289,137.009208
蟹江店,愛知県海部郡蟹江町舟入1-140,35.124765,136.792373
寝屋川葛原店,大阪府寝屋川市葛原1-22-10,34.771267,135.606367
高槻唐崎店,大阪府高槻市唐崎西1-1-7,34.818609,135.609151
宇都宮今泉店,栃木県宇都宮市今泉町471-8,36.567781,139.900597
浜松幸店,静岡県浜松市中央区幸2-2-1,34.738012,137.726399
東大阪みくりや店,大阪府東大阪市御厨東1-9-14,34.670153,135.591524
浜松北島店,静岡県浜松市中央区北島町1520-1,34.733862,137.788529
大同店,愛知県名古屋市南区大同町1-16-2,35.082417,136.911784
大垣店,岐阜県大垣市築捨町5-115,35.332252,136.620311
浜松西丘店,静岡県浜松市中央区西丘町201番地,34.768846,137.68943
甲府東店,山梨県甲府市上阿原町394-2,35.646102,138.610693
姫路大津店,兵庫県姫路市大津区西土井字餅田284-1,34.807963,134.61031
北葛西店,東京都江戸川区北葛西2-11-22,35.673444,139.857939
尼崎東難波店,兵庫県尼崎市東難波町2-16-14,34.731712,135.411433
日野バイパス店,東京都日野市万願寺6-46,35.668642,139.408097
可児店,岐阜県可児市下恵土4008-1,35.427787,137.042876
奈良広陵店,奈良県北葛城郡広陵町安部218-1,34.534697,135.743552
南砂店,東京都江東区南砂5-6-1,35.676592,139.828695
神栖店,茨城県神栖市平泉527-39,35.917684,140.63819
佐久平店,長野県佐久市佐久平駅東10-1,36.278954,138.468681
富田林店,大阪府富田林市錦織2393-1,34.487326,135.581268
高槻辻子店,大阪府高槻市辻子3-6-5,34.83273,135.630568
水口店,滋賀県甲賀市水口町名坂842-2,34.978366,136.162373
岐阜羽島店,岐阜県羽島市足近町6-318-1,35.348793,136.72578
花見川店,千葉県千葉市花見川区天戸町1446-1,35.681952,140.085895
ひたちなか店,茨城県ひたちなか市東石川1173-1,36.395635,140.538488
木更津店,千葉県木更津市太田2-5-11,35.38099,139.942128
足立保木間店,東京都足立区保木間4-2-1,35.79734,139.802345
南行徳店,千葉県市川市新井2-16-10,35.672823,139.895065
精華町店,京都府相楽郡精華町大字柘榴小字権谷3-1,34.731496,135.755646
高砂店,兵庫県高砂市松陽4-640,34.778472,134.790405
東府中店,東京都府中市若松町1-32-5,35.670094,139.501176
灘新在家店,兵庫県神戸市灘区新在家南町1-2-2,34.707905,135.239493
高崎南店,群馬県高崎市下之城町287-1,36.310412,139.034332
川崎野川店,神奈川県川崎市宮前区南野川1丁目41番15号,35.571752,139.597305
西尾店,愛知県西尾市道光寺町東縄11-1,34.870191,137.061377
津大倉店,三重県津市大倉4-19,34.701465,136.507173
和田山店,兵庫県朝来市和田山町枚田岡182-1,35.332105,134.861091
播磨店,兵庫県加古郡播磨町東野添1-15-1,34.712644,134.88053
多摩境店,東京都町田市小山ヶ丘3-10-7,35.602311,139.370432
静岡有明店,静岡県静岡市駿河区有明町12-12,34.964994,138.410252
豊田広久手店,愛知県豊田市広久手町7-3,35.082399,137.13561
さがみ野店,神奈川県海老名市東柏ケ谷5-14-6,35.469989,139.431236
三浦海岸店,神奈川県三浦市南下浦町上宮田字木ノ間1434-3,35.188583,139.657047
伊勢御薗店,三重県伊勢市御薗町新開928-1,34.509158,136.722052
東金店,千葉県東金市田間589-1,35.569076,140.377804
東静岡店,静岡県静岡市葵区長沼1008-1,34.991253,138.419484
下倉田店,神奈川県横浜市戸塚区下倉田町1883,35.379007,139.544323
鳴海店,愛知県名古屋市緑区鳴海町字杜若89-1,35.096492,136.952071
八王子長沼店,東京都八王子市長沼町1076-1,35.640794,139.358264
磐田店,静岡県磐田市一言2582-3,34.725241,137.843361
津島店,愛知県津島市莪原町字不毛84番地,35.16839,136.774886
江南店,愛知県江南市中奈良町熊野320番地1,35.321548,136.863212
松戸八ケ崎店,千葉県松戸市八ケ崎8丁目33-1,35.816015,139.925998
守谷店,茨城県守谷市けやき台4-1-5,35.935682,139.997175
土浦店,茨城県土浦市千束町4-3,36.080877,140.191915
富士宮店,静岡県富士宮市ひばりが丘1145,35.239444,138.619095
藤沢大庭店,神奈川県藤沢市大庭字丸山5454-5,35.369171,139.451983
加茂店,兵庫県川西市下加茂1-20-18,34.816729,135.411936
東岡山店,岡山県岡山市中区神下161-1,34.677629,133.981481
扶桑店,愛知県丹羽郡扶桑町大字高雄字海道田368-1,35.352992,136.931811
津白塚店,三重県津市栗真小川町434-1　セノパーク津内,34.768002,136.526855
大津堅田店,滋賀県大津市衣川1-36-15,35.103111,135.904766
浦和美園店,埼玉県さいたま市緑区美園6-8-2,35.889335,139.734912
豊岡店,兵庫県豊岡市中陰字大工617 1F,35.554831,134.812237
桑名店,三重県桑名市大字五反田1880-1,35.081712,136.614289
茂原店,千葉県茂原市腰当888-2,35.453521,140.298488
一宮尾西店,愛知県一宮市篭屋3-9-16,35.308936,136.771836
北本店,埼玉県北本市二ツ家4-88,36.011918,139.553486
沼津店,静岡県沼津市西沢田402-2,35.119335,138.848082
烏山店,東京都世田谷区北烏山1-9-4,35.673423,139.605816
倉敷沖新店,岡山県倉敷市田ノ上新町14-6,34.584765,133.755686
滑川店,埼玉県比企郡滑川町大字羽尾字蔵之前2706-1,36.06093,139.368696
ぐりーんうぉーく多摩店,東京都八王子市別所2-56,35.611555,139.396346
高陽店,広島県広島市安佐北区深川5丁目30-38,34.481276,132.529511
塩尻店,長野県塩尻市広丘吉田1131-1,36.166949,137.954658
一之江店,東京都江戸川区西一之江2-29-19,35.698772,139.881562
藤枝店,静岡県藤枝市瀬戸新屋351-24,34.850524,138.238105
鈴鹿西店,三重県鈴鹿市庄野羽山4-20-7,34.873161,136.528879
一宮浅野店,愛知県一宮市浅野字大西東63,35.292822,136.827083
舞鶴店,京都府舞鶴市円満寺小字三ノ丸裏97番,35.450303,135.331716
旭店,千葉県旭市ニ6017-7,35.721966,140.614985
神戸有野店,兵庫県神戸市北区有野町有野2146,34.819443,135.223374
大宮店,埼玉県さいたま市見沼区南中野202,35.908334,139.653944
豊橋西口店,愛知県豊橋市西口町字土橋1-5,34.741062,137.419153
豊橋新栄店,愛知県豊橋市新栄町字新田中84番地,34.763435,137.365613
楢原店,東京都八王子市楢原町819-1,35.687348,139.304753
北名古屋店,愛知県北名古屋市九之坪白山155,35.24115,136.877177
多治見店,岐阜県多治見市太平町4-6-1,35.33536,137.112012
京丹後店,京都府京丹後市峰山町新町2001-1,35.604125,135.083568
徳島安宅店,徳島県徳島市大和町2丁目3-22,34.068134,134.574316
三木店,兵庫県三木市別所町小林字口ハメ谷1224,34.776235,134.985548
横浜梶山店,神奈川県横浜市鶴見区梶山1-5-14,35.526193,139.660511
和歌山栄谷店,和歌山県和歌山市栄谷122-1,34.257272,135.154631
石巻店,宮城県石巻市恵み野2-6-7,38.443617,141.2706
三重川越店,三重県三重郡川越町豊田343-1,35.015096,136.662651
光の森店,熊本県菊池郡菊陽町光の森7-41-10,32.858218,130.783287
金沢有松店,石川県金沢市有松2-4-33,36.542481,136.639354
野々市店,石川県野々市市粟田5-439,36.515827,136.609465
米子店,鳥取県米子市西福原7-14-31,35.453989,133.34531
大府店,愛知県大府市中央町1-222,35.014587,136.960971
山形北店,山形県山形市嶋北2-22-10,38.289196,140.319542
橿原店,奈良県橿原市雲梯町247-1,34.500359,135.762687
津福バイパス店,福岡県久留米市津福今町字下牟田574-1,33.292609,130.509778
宇都宮鶴田店,栃木県宇都宮市鶴田2-22-8,36.563205,139.851951
茅ヶ崎高田店,神奈川県茅ヶ崎市高田1-13-32,35.347475,139.413329
東海店,愛知県東海市大田町西ノ脇97,35.010722,136.898048
群馬吉岡店,群馬県北群馬郡吉岡町大久保1458-1,36.428814,139.023513
和歌山新生店,和歌山県和歌山市新生町11-20,34.221416,135.189146
苅田店,福岡県京都郡苅田町大字二崎字ニノ坪121-1,33.746526,130.979368
小松有明店,石川県小松市有明町106,36.397452,136.456468
山形南店,山形県山形市篭田3-9-7,38.236419,140.316997
筑紫野杉塚店,福岡県筑紫野市杉塚4-333-1,33.502477,130.500511
津山店,岡山県津山市小田中1335-3,35.06305,133.992147
大館店,秋田県大館市字大田面109-2,40.286248,140.581491
いわき鹿島店,福島県いわき市鹿島町久保2-1-1,36.989609,140.904671
北上店,岩手県北上市里分7地割93番地の1,39.293092,141.136492
春日井春見店,愛知県春日井市春見町52-5,35.249122,136.973182
常滑店,愛知県常滑市虹の丘三丁目180番地,34.901755,136.839135
神戸星陵台店,兵庫県神戸市垂水区星陵台4-3-41,34.646403,135.049955
行田店,埼玉県行田市持田653-1,36.129236,139.45056
佐世保大塔店,長崎県佐世保市大塔町1861-14,33.154807,129.77168
今治中寺店,愛媛県今治市中寺599-1,34.04129,132.991399
高松太田店,香川県高松市太田下町字松ノ元3029-14,34.304091,134.052485
いわき平店,福島県いわき市平谷川瀬2丁目5-11,37.046556,140.893348
一関中里店,岩手県一関市中里字在家64,38.938774,141.150131
足利店,栃木県足利市花園町49-1,36.335425,139.472661
熊本はません店,熊本県熊本市東区画図町重富545-1,32.763709,130.728471
福岡野方店,福岡県福岡市西区野方1-6-25,33.558587,130.308966
富士高島店,静岡県富士市高島町70,35.157588,138.673448
加古川野口店,兵庫県加古川市野口町良野790-1,34.752009,134.848774
瀬戸店,愛知県瀬戸市高根町2-60,35.208856,137.06584
諏訪店,長野県諏訪市大字四賀赤沼1813,36.018885,138.124752
高松東山崎店,香川県高松市東山崎町662-1,34.308664,134.091196
若松大鳥居店,福岡県北九州市若松区大字大鳥居147-1,33.897828,130.70271
上吉田店,福岡県北九州市小倉南区沼新町1-3-1,33.852244,130.94679
日田玉川店,大分県日田市十二町697-1,33.322054,130.926961
川越店,埼玉県川越市大字小仙波689-1,35.919432,139.500401
各務原那加店,岐阜県各務原市那加前洞新町4-197,35.407226,136.838543
福山新涯店,広島県福山市新涯町3-21-3,34.461491,133.393381
岡崎竜美丘店,愛知県岡崎市東明大寺町10-4,34.945246,137.177365
鹿児島新栄店,鹿児島県鹿児島市新栄町5-23,31.547734,130.543252
鎌倉店,神奈川県鎌倉市笛田1-8-12,35.331504,139.507934
徳島応神店,徳島県徳島市応神町東貞方字貞光240-1,34.115836,134.519534
富山呉羽店,富山県富山市呉羽町字草田2434番1,36.714439,137.161198
幸手店,埼玉県幸手市上高野824,36.066038,139.716225
豊橋磯辺店,愛知県豊橋市磯辺下地町48-1,34.719475,137.367099
宗像光岡店,福岡県宗像市光岡字古賀田294-1,33.78611,130.555745
豊田インター店,愛知県豊田市深田町2-36-2,35.065903,137.125531
清須古城店,愛知県清須市西枇杷島町古城2-25-4,35.206597,136.868518
佐賀兵庫店,佐賀県佐賀市兵庫北4-4-32,33.275983,130.304313
岐阜市橋店,岐阜県岐阜市市橋2-7-11,35.400543,136.726773
宮崎大工店,宮崎県宮崎市大工2-157-3,31.918805,131.411344
松山生石店,愛媛県松山市生石町658番地5,33.833684,132.744547
霧島隼人店,鹿児島県霧島市隼人町見次548-1,31.738891,130.740342
港北ニュータウン店,神奈川県横浜市都筑区中川中央2-2-1 ルララこうほく4F,35.548778,139.577817
八幡黒崎店,福岡県北九州市八幡西区西曲里町6番5号,33.856896,130.761235
平塚店,神奈川県中郡大磯町高麗3-2-35,35.325039,139.33065
調布店,東京都調布市深大寺北町4-30-1,35.681219,139.553926
小牧北外山店,愛知県小牧市掛割町32,35.27547,136.924922
知立店,愛知県知立市上重原町恩田207番,35.004962,137.023013
稲沢小池店,愛知県稲沢市小池3-10-34,35.249825,136.814932
丸亀店,香川県丸亀市柞原町421-1,34.269586,133.803667
"東戸塚店
（4/23(木)のみ　営業時間変更）",神奈川県横浜市戸塚区品濃町549-2　三宅ビル1階,35.431336,139.558069
大牟田店,福岡県大牟田市旭町2-28-1,33.036225,130.453004
高知朝倉店,高知県高知市朝倉東町51-17,33.543038,133.49903
飯塚柏の森店,福岡県飯塚市柏の森6-2,33.644236,130.708224
大分わさだ店,大分県大分市大字市1108,33.185164,131.570839
三豊店,香川県三豊市豊中町上高野1958,34.144743,133.701495
松山天山店,愛媛県松山市天山1-10-30,33.823176,132.778502
市原店,千葉県市原市五井字下場5636-1,35.521901,140.092748
熊本本山店,熊本県熊本市中央区世安一丁目2番79号,32.78423,130.699873
高知潮江店,高知県高知市北新田町18-35,33.551764,133.553535
大垣中野町店,岐阜県大垣市中野町2-86-1,35.378893,136.607609
紀伊田辺店,和歌山県田辺市稲成町46-1,33.739803,135.372662
館山店,千葉県館山市大字高井字上畑作1794,35.008305,139.872286
新居浜店,愛媛県新居浜市松木町3-36,33.941691,133.293158
福岡伊都店,福岡県福岡市西区西都1-18-10,33.580878,130.25891
豊明前後店,愛知県豊明市前後町三ツ谷1358-4,35.060031,136.986891
広島古市店,広島県広島市安佐南区古市1-25-24,34.449787,132.470112
大分元町店,大分県大分市大字大分4725,33.22265,131.61866
熊本新外店,熊本県熊本市東区新外1-1-60,32.799265,130.762881
ミューザ川崎店,神奈川県川崎市幸区大宮町1310　ミューザ川崎1F,35.530931,139.694807
福岡神松寺店,福岡県福岡市城南区神松寺1-1-1,33.558515,130.377153
高知インター店,高知県高知市高そね13-25,33.572641,133.557915
蒲郡店,愛知県蒲郡市竹谷町西ノ浜35-10,34.825317,137.212062
大分中津店,大分県中津市大字下池永119-1,33.588733,131.212692
都城都北店,宮崎県都城市都北町5948,31.764722,131.089827
イオンタウン弥富店,愛知県弥富市五明町蒲原1371-4,35.114893,136.71869
鹿屋寿店,鹿児島県鹿屋市寿4-1-56,31.387461,130.873437
宮崎恒久店,宮崎県宮崎市大字恒久字春日田1202番地1,31.886377,131.42512
小松島店,徳島県小松島市大林町字森ノ本5-2,33.975749,134.613451
長野川中島店,長野県長野市川中島町御厨953-4,36.598396,138.158101
岐阜正木店,岐阜県岐阜市正木中3-12-5,35.450916,136.742411
南佐賀店,佐賀県佐賀市南佐賀1-13-11,33.24011,130.312846
吉野川店,徳島県吉野川市鴨島町上下島字松元374-3,34.068581,134.350307
宇和島店,愛媛県宇和島市寄松甲171-1,33.203845,132.554519
八幡東田店,福岡県北九州市八幡東区東田3-2-12,33.870993,130.8092
伊予松前店,愛媛県伊予郡松前町大字東古泉字高樋520-1,33.78892,132.718401
志免向ヶ丘店,福岡県糟屋郡志免町向ヶ丘1-1-8,33.582737,130.480214
熊本富合店,熊本県熊本市南区富合町清藤字壱町田84-1,32.718644,130.676627
大和店,神奈川県大和市上和田751,35.454599,139.467098
ステラタウン店,埼玉県さいたま市北区宮原町1-854-1　3階,35.933125,139.623021
藤井寺店,大阪府藤井寺市沢田2-1-28,34.573573,135.606871
伊勢原店,神奈川県伊勢原市下糟屋3020,35.408643,139.323542
町田木曽店,東京都町田市木曽西3-1-9,35.569783,139.416938
佐賀鍋島店,佐賀県佐賀市鍋島町大字八戸1361-1,33.256521,130.273402
西条店,愛媛県西条市朔日市768-1,33.928718,133.184903
熊本鹿子木店,熊本県熊本市北区鹿子木町字花ノ木186番,32.872162,130.701803
岡山大供店,岡山県岡山市北区大供本町703-1,34.654387,133.912039
港南台店,神奈川県横浜市港南区港南台9-29-9,35.368664,139.579423
半田店,愛知県半田市旭町5-8-1,34.869355,136.919052
小倉井堀店,福岡県北九州市小倉北区井堀3-2-1,33.88572,130.847216
南国店,高知県南国市大埇乙1089-1,33.565902,133.651392
川崎水沢店,神奈川県川崎市宮前区水沢3-13-1,35.593882,139.540075
福岡原田店,福岡県福岡市東区原田3-5-29,33.620432,130.438802
姫路城の西店,兵庫県姫路市岩端町110-1,34.84196,134.682911
守口大日店,大阪府守口市大日町3-12-55,34.753336,135.582715
OSC湘南シティ店,神奈川県平塚市代官町33-1-C-101　OSC湘南シティ1F,35.328145,139.357259
福岡親富孝通り店,福岡県福岡市中央区舞鶴1-1-3　リクルート天神ビル1F,33.591573,130.39514
我孫子店,千葉県我孫子市つくし野4-5-3,35.877856,140.005939
徳島出来島店,徳島県徳島市南出来島町2丁目6番,34.07701,134.545012
大村幸町店,長崎県大村市幸町25-18,32.903208,129.957672
ゆめタウン高松店,香川県高松市三条町608-1,34.315847,134.041001
久留米通町店,福岡県久留米市通町1-2,33.318286,130.510954
広島舟入店,広島県広島市中区西川口町1-1,34.383143,132.440718
長崎道ノ尾店,長崎県長崎市赤迫3-4-1,32.803102,129.853684
さいたま宮前店,埼玉県さいたま市西区宮前町725-1,35.924366,139.583066
福井若杉店,福井県福井市若杉1-3015,36.057182,136.188505
三河安城店,愛知県安城市三河安城本町2-8-8,34.96728,137.057461
福岡箱崎店,福岡県福岡市東区箱崎4-15-41,33.622456,130.419317
宝塚高司店,兵庫県宝塚市高司1-6-21,34.786399,135.359324
筑西玉戸店,茨城県筑西市玉戸字山ケ島1018-45,36.295436,139.94158
松山衣山店,愛媛県松山市中央2-31-1,33.854777,132.747654
大野城大城店,福岡県大野城市乙金台1-1-25,33.537175,130.488682
新横浜店,神奈川県横浜市港北区鳥山町1289-1,35.501972,139.607633
和泉府中店,大阪府泉大津市東豊中町2-2-1,34.493753,135.425204
新宮上府店,福岡県糟屋郡新宮町新宮東1-3-1,33.708196,130.450948
本庄早稲田店,埼玉県本庄市早稲田の杜2-1-83,36.220505,139.180682
環七青井店,東京都足立区青井6-25-9,35.77836,139.811935
おゆみ野店,千葉県千葉市緑区おゆみ野中央4-35-2,35.549726,140.175171
三郷彦糸店,埼玉県三郷市彦糸2-134-1,35.85982,139.848786
伊丹荒牧店,兵庫県伊丹市荒牧南2-1-21,34.806195,135.383048
鹿児島吉野店,鹿児島県鹿児島市吉野三丁目29番7号,31.656594,130.568553
あざみ野ガーデンズ店,神奈川県横浜市青葉区大場町704-64,35.572187,139.535455
廿日市店,広島県廿日市市串戸5-1-28,34.349735,132.319675
竹の塚ピーくんプラザ店,東京都足立区竹の塚6-8-4　ピーくんPlaza 2F,35.794588,139.792345
させぼ五番街店,長崎県佐世保市新港町2-1,33.165005,129.722279
諫早店,長崎県諫早市小船越町506-4,32.839745,130.023689
門司片上海岸店,福岡県北九州市門司区片上海岸6-16,33.926235,130.942141
コースカ横須賀店,神奈川県横須賀市本町2-1-12,35.282025,139.661416
小田原店,神奈川県小田原市飯泉969-1,35.277901,139.166734
甲府アルプス通り店,山梨県甲府市徳行2-6-13,35.652484,138.545719
岡崎上和田店,愛知県岡崎市天白町字東池15-1,34.93473,137.145643
戸塚駅前店,神奈川県横浜市戸塚区戸塚町16-8　ＭＳ戸塚ビル,35.399971,139.532681
稲沢一色店,愛知県稲沢市一色下方町207,35.238171,136.7463
川口芝店,埼玉県川口市芝中田2-2-10,35.831042,139.702358
長久手店,愛知県長久手市熊田205,35.175003,137.02491
夏見台店,千葉県船橋市夏見台2-2-60　豊聖第一ビル,35.721422,139.991162
フジグラン東広島店,広島県東広島市西条町御薗宇4405,34.407061,132.75009
京都伏見店,京都府京都市伏見区中島樋ノ上町53,34.944553,135.745006
新潟女池店,新潟県新潟市中央区女池上山1-6-21,37.893226,139.031208
豊平西岡店,北海道札幌市豊平区西岡三条9-3-1,43.004166,141.384791
宮崎新別府店,宮崎県宮崎市新別府町993-1,31.921048,131.451365
南流山店,千葉県流山市南流山9丁目15番地の12,35.831599,139.896147
岡崎岩津店,愛知県岡崎市岩津町於御所190-1,35.007958,137.168605
あすと長町店,宮城県仙台市太白区諏訪町1-7,38.216263,140.884617
新下関店,山口県下関市秋根西町2-4-23,34.007822,130.946421
四日市インター店,三重県四日市市高角町字中川原2881-1,34.987667,136.552959
博多駅南店,福岡県福岡市博多区博多駅南6-7-33,33.57836,130.431871
苫小牧店,北海道苫小牧市新開町2-2-6,42.662437,141.653934
金沢八景店,神奈川県横浜市金沢区六浦2-5-10,35.32831,139.617362
上田店,長野県上田市秋和342-5,36.415114,138.222762
時津店,長崎県西彼杵郡時津町日並郷字火篭1320-103,32.851246,129.82819
新川崎スクエア店,神奈川県川崎市幸区鹿島田1-1-3,35.550578,139.672664
守山店,滋賀県守山市播磨田町749-4,35.073296,135.992347
倉敷宮前店,岡山県倉敷市宮前351-1,34.611725,133.765394
東温店,愛媛県東温市野田2-484-1,33.792759,132.837579
福井米松店,福井県福井市米松1-16-38,36.06447,136.241522
新潟小新店,新潟県新潟市西区小新大通2-1-22,37.870838,138.995246
新潟赤道店,新潟県新潟市東区上王瀬町2-41,37.935091,139.08892
コスモタウン佐伯店,大分県佐伯市鶴岡西町2-193,32.961114,131.864436
札幌白石店,北海道札幌市白石区本通11丁目北1-31,43.041987,141.423223
広島長楽寺店,広島県広島市安佐南区長楽寺1-6-7,34.471484,132.432285
岡山新福店,岡山県岡山市南区新福2-10-8,34.627038,133.937433
帯広店,北海道帯広市稲田町南8線西12-17,42.891245,143.197176
江別店,北海道江別市野幌町55-5,43.093444,141.524705
浜北インター店,静岡県浜松市浜名区西中瀬二丁目18番12号,34.823405,137.806966
都城甲斐元店,宮崎県都城市甲斐元町12街区18,31.714839,131.060302
浦添バークレーズコート店,沖縄県浦添市当山2-2-4,26.252923,127.736677
枚方茄子作店,大阪府枚方市茄子作2-14-15,34.78671,135.668229
歌島店,大阪府大阪市西淀川区歌島3-3-11,34.711743,135.458544
泉北2号線店,大阪府堺市南区豊田830-1,34.496826,135.493315
浜寺船尾店,大阪府堺市西区浜寺船尾町東3-398,34.547975,135.459281
外環八尾店,大阪府八尾市東山本新町8-6-1,34.625832,135.631762
京都桂店,京都府京都市西京区桂西滝川町18-1,34.97735,135.712279
辰巳橋店,大阪府大阪市西区境川2-1-1,34.67259,135.468499
東淀川2号店,大阪府大阪市東淀川区菅原7-5-31,34.741827,135.524954
南吹田店,大阪府吹田市穂波町21-15,34.752892,135.511186
巣本店,大阪府寝屋川市堀溝1-7-13,34.741323,135.622464
亀岡店,京都府亀岡市篠町浄法寺松岡23-3,35.004594,135.587994
沢良宜店,大阪府茨木市高浜町1-26,34.794677,135.56647
大正店,大阪府大阪市大正区千島3-20-3,34.647926,135.470819
泉佐野店,大阪府泉佐野市南中樫井583-3,34.382134,135.292124
羽曳野店,大阪府羽曳野市野々上2-1-13,34.559786,135.595316
杭全店,大阪府大阪市東住吉区桑津1-14-21,34.640819,135.53045
和泉中央店,大阪府和泉市いぶき野3-16-10,34.463369,135.458971
福知山店,京都府福知山市字土1,35.296992,135.162789
川西山下店,兵庫県川西市見野3-8-24,34.889819,135.408541
城陽店,京都府城陽市久世北垣内35-2,34.861022,135.776173
堺三宝店,大阪府堺市堺区三宝町3-173-4,34.591388,135.47587
久宝寺店,大阪府東大阪市大蓮東4-11-30,34.632885,135.584582
栗東小柿店,滋賀県栗東市小柿3-5-14,35.021709,135.975707
学園前店,奈良県奈良市学園大和町2-116-1,34.685605,135.752543
赤川店,大阪府大阪市旭区赤川3-3-34,34.726415,135.531898
